zhangsan1,watch
zhangsan2,watch
zhangsan3,watch
zhangsan4,watch
zhangsan5,watch
zhangsan6,watch
zhangsan7,watch
zhangsan8,watch
zhangsan9,watch
zhangsan10,watch
zhangsan11,watch
zhangsan12,watch
zhangsan13,watch
zhangsan14,watch
zhangsan15,watch
zhangsan16,watch
zhangsan17,watch
zhangsan18,watch
zhangsan19,watch
zhangsan20,watch
zhangsan21,watch
zhangsan22,watch
zhangsan23,watch
zhangsan24,watch
zhangsan25,watch
zhangsan26,watch
zhangsan27,watch
zhangsan28,watch
zhangsan29,watch
zhangsan30,watch
zhangsan31,watch
zhangsan32,watch
zhangsan33,watch
zhangsan34,watch
zhangsan35,watch
zhangsan36,watch
zhangsan37,watch
zhangsan38,watch
zhangsan39,watch
zhangsan40,watch
zhangsan41,watch
zhangsan42,watch
zhangsan43,watch
zhangsan44,watch
zhangsan45,watch
zhangsan46,watch
zhangsan47,watch
zhangsan48,watch
zhangsan49,watch
zhangsan50,watch
zhangsan51,watch
zhangsan52,watch
zhangsan53,watch
zhangsan54,watch
zhangsan55,watch
zhangsan56,watch
zhangsan57,watch
zhangsan58,watch
zhangsan59,watch
zhangsan60,watch
zhangsan61,watch
zhangsan62,watch
zhangsan63,watch
zhangsan64,watch
zhangsan65,watch
zhangsan66,watch
zhangsan67,watch
zhangsan68,watch
zhangsan69,watch
zhangsan70,watch
zhangsan71,watch
zhangsan72,watch
zhangsan73,watch
zhangsan74,watch
zhangsan75,watch
zhangsan76,watch
zhangsan77,watch
zhangsan78,watch
zhangsan79,watch
zhangsan80,watch
zhangsan81,watch
zhangsan82,watch
zhangsan83,watch
zhangsan84,watch
zhangsan85,watch
zhangsan86,watch
zhangsan87,watch
zhangsan88,watch
zhangsan89,watch
zhangsan90,watch
zhangsan91,watch
zhangsan92,watch
zhangsan93,watch
zhangsan94,watch
zhangsan95,watch
zhangsan96,watch
zhangsan97,watch
zhangsan98,watch
zhangsan99,watch
zhangsan100,watch
zhangsan101,watch
zhangsan102,watch
zhangsan103,watch
zhangsan104,watch
zhangsan105,watch
zhangsan106,watch
zhangsan107,watch
zhangsan108,watch
zhangsan109,watch
zhangsan110,watch
zhangsan111,watch
zhangsan112,watch
zhangsan113,watch
zhangsan114,watch
zhangsan115,watch
zhangsan116,watch
zhangsan117,watch
zhangsan118,watch
zhangsan119,watch
zhangsan120,watch
zhangsan121,watch
zhangsan122,watch
zhangsan123,watch
zhangsan124,watch
zhangsan125,watch
zhangsan126,watch
zhangsan127,watch
zhangsan128,watch
zhangsan129,watch
zhangsan130,watch
zhangsan131,watch
zhangsan132,watch
zhangsan133,watch
zhangsan134,watch
zhangsan135,watch
zhangsan136,watch
zhangsan137,watch
zhangsan138,watch
zhangsan139,watch
zhangsan1140,watch
zhangsan141,watch
zhangsan142,watch
zhangsan143,watch
zhangsan144,watch
zhangsan145,watch
zhangsan146,watch
zhangsan147,watch
zhangsan148,watch
zhangsan149,watch
zhangsan150,watch
wangwu1,pencil
wangwu2,pencil
wangwu3,pencil
wangwu4,pencil
wangwu5,pencil
wangwu6,pencil
wangwu7,pencil
wangwu8,pencil
wangwu9,pencil
wangwu10,pencil
wangwu11,pencil
wangwu12,pencil
wangwu13,pencil
wangwu14,pencil
wangwu15,pencil
wangwu16,pencil
wangwu17,pencil
wangwu18,pencil
wangwu19,pencil
wangwu20,pencil
wangwu21,pencil
wangwu22,pencil
wangwu23,pencil
wangwu24,pencil
wangwu25,pencil
wangwu26,pencil
wangwu27,pencil
wangwu28,pencil
wangwu29,pencil
wangwu30,pencil
wangwu31,pencil
wangwu32,pencil
wangwu33,pencil
wangwu34,pencil
wangwu35,pencil
wangwu36,pencil
wangwu37,pencil
wangwu38,pencil
wangwu39,pencil
wangwu40,pencil
wangwu41,pencil
wangwu42,pencil
wangwu43,pencil
wangwu44,pencil
wangwu45,pencil
wangwu46,pencil
wangwu47,pencil
wangwu48,pencil
wangwu49,pencil
wangwu50,pencil
wangwu51,pencil
wangwu52,pencil
wangwu53,pencil
wangwu54,pencil
wangwu55,pencil
wangwu56,pencil
wangwu57,pencil
wangwu58,pencil
wangwu59,pencil
wangwu60,pencil
wangwu61,pencil
wangwu62,pencil
wangwu63,pencil
wangwu64,pencil
wangwu65,pencil
wangwu66,pencil
wangwu67,pencil
wangwu68,pencil
wangwu69,pencil
wangwu70,pencil
wangwu71,pencil
wangwu72,pencil
wangwu73,pencil
wangwu74,pencil
wangwu75,pencil
wangwu76,pencil
wangwu77,pencil
wangwu78,pencil
wangwu79,pencil
wangwu80,pencil
wangwu81,pencil
wangwu82,pencil
wangwu83,pencil
wangwu84,pencil
wangwu85,pencil
wangwu86,pencil
wangwu87,pencil
wangwu88,pencil
wangwu89,pencil
wangwu90,pencil
wangwu91,pencil
wangwu92,pencil
wangwu93,pencil
wangwu94,pencil
wangwu95,pencil
wangwu96,pencil
wangwu97,pencil
wangwu98,pencil
wangwu99,pencil
wangwu100,pencil
wangwu101,pencil
wangwu102,pencil
wangwu103,pencil
wangwu104,pencil
wangwu105,pencil
wangwu106,pencil
wangwu107,pencil
wangwu108,pencil
wangwu109,pencil
wangwu110,pencil
wangwu111,pencil
wangwu112,pencil
wangwu113,pencil
wangwu114,pencil
wangwu115,pencil
wangwu116,pencil
wangwu117,pencil
wangwu118,pencil
wangwu119,pencil
wangwu120,pencil
wangwu121,pencil
wangwu122,pencil
wangwu123,pencil
wangwu124,pencil
wangwu125,pencil
wangwu126,pencil
wangwu127,pencil
wangwu128,pencil
wangwu129,pencil
wangwu130,pencil
wangwu131,pencil
wangwu132,pencil
wangwu133,pencil
wangwu134,pencil
wangwu135,pencil
wangwu136,pencil
wangwu137,pencil
wangwu138,pencil
wangwu139,pencil
wangwu1140,pencil
wangwu141,pencil
wangwu142,pencil
wangwu143,pencil
wangwu144,pencil
wangwu145,pencil
wangwu146,pencil
wangwu147,pencil
wangwu148,pencil
wangwu149,pencil
wangwu150,pencil